{"bertM": {"_type": "images/separated", "width": 2400, "height": 800, "format": "png", "count": 1, "filenames": ["media/images/bertM_191_b84843f4d155018ca505.png"]}, "_timestamp": 1687695989.8317716, "_runtime": 1248.974951505661, "_step": 191, "_wandb": {"runtime": 1249}}