{"bertM": {"_type": "images/separated", "width": 2400, "height": 800, "format": "png", "count": 12, "filenames": ["media/images/bertM_12_a38facc96fb8a5650e3b.png", "media/images/bertM_12_b2e832aa8434596229a7.png", "media/images/bertM_12_a09c8a1b5fc318b45a01.png", "media/images/bertM_12_6f2ed21f35bcdd4b5516.png", "media/images/bertM_12_3f6098643f40c566683c.png", "media/images/bertM_12_12a9120b79c7ed5676eb.png", "media/images/bertM_12_12745f3951c6152f2459.png", "media/images/bertM_12_4eac8844cdecf3dbc285.png", "media/images/bertM_12_809b70bb05f7ff41d119.png", "media/images/bertM_12_89246a131a736a6ee6a6.png", "media/images/bertM_12_bce5542cedd37e899aed.png", "media/images/bertM_12_08ce8051eec5611ebd2b.png"]}, "_timestamp": 1687759440.473754, "_runtime": 6405.310065984726, "_step": 13, "perlinM": {"_type": "images/separated", "width": 2400, "height": 800, "format": "png", "count": 12, "filenames": ["media/images/perlinM_13_188d8d176c2226318143.png", "media/images/perlinM_13_a5ed0fe227c499209d2b.png", "media/images/perlinM_13_10c800cb1145a65ef841.png", "media/images/perlinM_13_1dfccf1eb36f166241c0.png", "media/images/perlinM_13_e43e385a35b84c404033.png", "media/images/perlinM_13_d8a3a5258a5493c615ec.png", "media/images/perlinM_13_cda2b34f478bdb4b42c0.png", "media/images/perlinM_13_65aabd2e1449ea466c8c.png", "media/images/perlinM_13_c17567471f33a56a997e.png", "media/images/perlinM_13_f8f291e53f728e52d026.png", "media/images/perlinM_13_ad8dba316c1ecf371084.png", "media/images/perlinM_13_926739b660d7b769c7c9.png"]}}